Game Date,Game Start Date,Game Type,Grade,Round,Game Status,Venue,Playing Surface,Time,Toss Winner,Elected To,Home Team,Home Team Organisation Name,Home Team Score,Home Team Over Limit,Home Team Result,Home Team Players In Lineup,Home Team Player Points,Away Team,Away Team Organisation Name,Away Team Score,Away Team Over Limit,Away Team Result,Away Team Players In Lineup,Away Team Player Points,Bye,Host Organisation,Competition,Competition Type,Season,Game Alias,Game Code,Game Id,Result Source,Result Timestamp,Last Updated At,Last Updated By,Last Updated By Organisation
"04/10/2025, 11/10/2025",2025-10-04,Two Day,"C Grade (70 Overs, 12 Players)",Round 1,Final,Eley Park,Eley Park,12:30,Box Hill North Super Kings - 4th XI,Bat,Laburnum - 3rd XI,Laburnum Cricket Club,10/263 (68.3),,Lost on first innings,12,,Box Hill North Super Kings - 4th XI,Box Hill North Super Kings Cricket Club,10/284 (68.4),,Won on first innings,12,,,Box Hill Reporter District Cricket Association,BHRDCA Senior Competition,Home and away,Summer 2025/26,,51a51f,51a51fa9-3a37-46c5-ad6b-e46b6751a4a0,Manual,13/10/2025 20:30 (Australia/Melbourne),2025-10-13T20:30:00+11:00[Australia/Melbourne],Justin George,Box Hill North Super Kings Cricket Club
"04/10/2025, 11/10/2025",2025-10-04,Two Day,3. Compare & Conect Dorothy McIntosh Shield,Round 1,Final,Kalang Park,Kalang Park,12:30,Laburnum - 1st XI,Bat,Laburnum - 1st XI,Laburnum Cricket Club,6/372 (80),,Won on first innings,11,12,Mitcham - 2nd XI,Mitcham Cricket Club,10/253 (69.3),,Lost on first innings,11,12,,Box Hill Reporter District Cricket Association,BHRDCA Senior Competition,Home and away,Summer 2025/26,,d4e05a,d4e05a72-2f00-4cea-b73f-6a0cdae71b17,Manual,12/10/2025 10:06 (Australia/Melbourne),2025-10-12T10:06:00+11:00[Australia/Melbourne],Steve Frost,Mitcham Cricket Club
"18/10/2025, 25/10/2025",2025-10-18,Two Day,"H Grade (Split Innings - 64 Overs, 13 Players)",Round 2,Final,Mirrabooka Reserve,Mirrabooka Reserve #3 - North,13:00,Laburnum - 4th XI,Bowl,Laburnum - 4th XI,Laburnum Cricket Club,"9/100 (30.2), 9/169 (49)",,Tied outright lost first innings,11,,Notting Hill Brandon Park - 4th XI,Notting Hill Brandon Park Cricket Club,"3/174 (32), 0/95 (10)",,Tied outright won first innings,13,,,Box Hill Reporter District Cricket Association,BHRDCA Senior Competition,Home and away,Summer 2025/26,,f63396,f633965d-6f40-4454-be7e-8b42548a07a3,Manual,31/10/2025 21:49 (Australia/Melbourne),2025-10-31T21:49:00+11:00[Australia/Melbourne],Sumeet Pal,Laburnum Cricket Club
"18/10/2025, 25/10/2025",2025-10-18,Two Day,"I Grade (Split Innings - 64 Overs, 13 Players)",Round 2,Final,Eley Park,Eley Park,13:00,Blackburn South - 4th XI,Bowl,Laburnum - 5th XI,Laburnum Cricket Club,9/103 (50.4),,Lost on first innings,11,,Blackburn South - 4th XI,Blackburn South Cricket Club,10/141 (39.2),,Won on first innings,13,,,Box Hill Reporter District Cricket Association,BHRDCA Senior Competition,Home and away,Summer 2025/26,,8a63b6,8a63b680-a1f5-4800-b58d-5ab4818f8cc9,Manual,26/10/2025 11:47 (Australia/Melbourne),2025-10-26T11:47:00+11:00[Australia/Melbourne],Justin Lui,Blackburn South Cricket Club
"18/10/2025, 25/10/2025",2025-10-18,Two Day,3. Compare & Conect Dorothy McIntosh Shield,Round 2,Final,Kalang Park,Kalang Park,13:00,Mulgrave Wheelers Hill - 1st XI,Bowl,Laburnum - 1st XI,Laburnum Cricket Club,0/243 (36),,Won on first innings,11,12,Mulgrave Wheelers Hill - 1st XI,Mulgrave Wheelers Hill Cricket Club,"10/119 (43.2), 1/189 (51)",,Lost on first innings,11,13,,Box Hill Reporter District Cricket Association,BHRDCA Senior Competition,Home and away,Summer 2025/26,,a8b449,a8b4497a-28b5-4702-ab5f-f9c3c1daab70,Manual,22/01/2026 11:47 (Australia/Melbourne),2026-01-22T11:47:00+11:00[Australia/Melbourne],Todd Anderson,Box Hill Reporter District Cricket Association
01/11/2025,2025-11-01,One Day,"A Grade (80 Overs, 12 Players)",Round 3,Final,Kalang Park,Kalang Park,13:00,Laburnum - 2nd XI,Bat,Laburnum - 2nd XI,Laburnum Cricket Club,7/266 (40),40,Won,12,,St. Davids - 2nd XI,St Davids Cricket Club,9/195 (40),40,Lost,12,,,Box Hill Reporter District Cricket Association,BHRDCA Senior Competition,Home and away,Summer 2025/26,,e2de1a,e2de1ab7-59c9-45c5-9f00-0a3a7e447a13,E-scoring,01/11/2025 20:50 (Australia/Melbourne),2025-11-02T10:59:00+11:00[Australia/Melbourne],Stewart Kennedy,St Davids Cricket Club
08/11/2025,2025-11-08,One Day,"C Grade (70 Overs, 12 Players)",Round 3,Abandoned,Eley Park,Eley Park,13:00,,,Laburnum - 3rd XI,Laburnum Cricket Club,,35,Abandoned,12,,Blackburn North CC - 3rd XI,Blackburn North Cricket Club,,35,Abandoned,11,,,Box Hill Reporter District Cricket Association,BHRDCA Senior Competition,Home and away,Summer 2025/26,,c61e71,c61e718c-cb04-4e46-901a-967950dbaafc,Manual,08/11/2025 23:27 (Australia/Melbourne),2025-11-08T23:27:00+11:00[Australia/Melbourne],Sumeet Pal,Laburnum Cricket Club
08/11/2025,2025-11-08,One Day,"H Grade (Split Innings - 64 Overs, 13 Players)",Round 3,Abandoned,Mirrabooka Reserve,Mirrabooka Reserve #3 - North,13:00,,,Laburnum - 4th XI,Laburnum Cricket Club,,32,Abandoned,13,,Blackburn - 5th XI,Blackburn Cricket Club,,32,Abandoned,11,,,Box Hill Reporter District Cricket Association,BHRDCA Senior Competition,Home and away,Summer 2025/26,,150f72,150f72ef-fb87-4b7e-a8ba-37fe01ed094a,Manual,08/11/2025 23:27 (Australia/Melbourne),2025-11-09T01:10:00+11:00[Australia/Melbourne],Sumeet Pal,Laburnum Cricket Club
08/11/2025,2025-11-08,One Day,"A Grade (80 Overs, 12 Players)",Round 4,Abandoned,Kalang Park,Kalang Park,13:00,,,Laburnum - 2nd XI,Laburnum Cricket Club,,40,Abandoned,12,,Glen Waverley Cougars - 2nd XI,Glen Waverley Cougars Cricket Club,,40,Abandoned,12,,,Box Hill Reporter District Cricket Association,BHRDCA Senior Competition,Home and away,Summer 2025/26,,5c95a5,5c95a519-d733-4d67-802f-ed20f24ed4e6,Manual,08/11/2025 23:28 (Australia/Melbourne),2025-11-09T01:20:00+11:00[Australia/Melbourne],Sumeet Pal,Laburnum Cricket Club
15/11/2025,2025-11-15,One Day,3. Compare & Conect Dorothy McIntosh Shield,Round 5,Final,Kalang Park,Kalang Park,13:00,Laburnum - 1st XI,Bowl,Laburnum - 1st XI,Laburnum Cricket Club,6/241 (39.1),40,Won,11,12,Glen Waverley Hawks - 1st XI,Glen Waverley Hawks Cricket Club,7/240 (40),40,Lost,11,16,,Box Hill Reporter District Cricket Association,BHRDCA Senior Competition,Home and away,Summer 2025/26,,296844,29684423-860e-4fd1-89ce-6e79cd61034e,E-scoring,15/11/2025 18:44 (Australia/Melbourne),2025-11-15T22:27:00+11:00[Australia/Melbourne],Cameron Hocart,Glen Waverley Hawks Cricket Club
15/11/2025,2025-11-15,One Day,"C Grade (70 Overs, 12 Players)",Round 4,Final,Mirrabooka Reserve,Mirrabooka Reserve #3 - North,13:00,Laburnum - 3rd XI,Bat,Laburnum - 3rd XI,Laburnum Cricket Club,8/163 (35),35,Lost,12,,Blackburn - 4th XI,Blackburn Cricket Club,3/164 (33.3),35,Won,12,,,Box Hill Reporter District Cricket Association,BHRDCA Senior Competition,Home and away,Summer 2025/26,,7ec66d,7ec66d47-4976-445c-9474-1f2eca27acbe,E-scoring,15/11/2025 17:55 (Australia/Melbourne),2025-11-15T17:56:00+11:00[Australia/Melbourne],,
16/11/2025,2025-11-16,One Day,3. Compare & Conect Dorothy McIntosh Shield,Round 6,Final,Kalang Park,Kalang Park,13:00,Blackburn - 2nd XI,Bat,Laburnum - 1st XI,Laburnum Cricket Club,3/184 (27.5),40,Won,11,12,Blackburn - 2nd XI,Blackburn Cricket Club,10/181 (39.3),40,Lost,11,13,,Box Hill Reporter District Cricket Association,BHRDCA Senior Competition,Home and away,Summer 2025/26,,714da8,714da840-1c4c-4cea-8838-3dd2c8a9874c,Manual,17/11/2025 07:04 (Australia/Melbourne),2025-11-17T07:04:00+11:00[Australia/Melbourne],Ross Digby,Laburnum Cricket Club
22/11/2025,2025-11-22,One Day,"A Grade (80 Overs, 12 Players)",Round 6,Final,Kalang Park,Kalang Park,13:00,Laburnum - 2nd XI,Bat,Laburnum - 2nd XI,Laburnum Cricket Club,10/134 (35.3),40,Won,12,,Nunawading - 2nd XI,Nunawading Cricket Club,10/133 (34.5),40,Lost,12,,,Box Hill Reporter District Cricket Association,BHRDCA Senior Competition,Home and away,Summer 2025/26,,ba512d,ba512d1f-4de4-48ee-8ebb-59696d60e3a3,E-scoring,22/11/2025 18:17 (Australia/Melbourne),2025-11-24T10:19:00+11:00[Australia/Melbourne],Thomas Taylor,Nunawading Cricket Club
22/11/2025,2025-11-22,One Day,"I Grade (Split Innings - 64 Overs, 13 Players)",Round 5,Final,Highfield Park,South Oval,13:00,Laburnum - 5th XI,Bat,Laburnum - 5th XI,Laburnum Cricket Club,7/137 (32),32,Won,12,,Vermont South - 4thXI,Vermont South Cricket Club,10/81 (29),32,Lost,11,,,Box Hill Reporter District Cricket Association,BHRDCA Senior Competition,Home and away,Summer 2025/26,,e08f86,e08f862f-9e39-4a63-8edd-52461d2721f4,E-scoring,22/11/2025 17:19 (Australia/Melbourne),2025-11-23T09:30:00+11:00[Australia/Melbourne],Andrew Paroissien,Vermont South Cricket Club
22/11/2025,2025-11-22,One Day,"C Grade (70 Overs, 12 Players)",Round 5,Final,Mirrabooka Reserve,Mirrabooka Reserve #3 - North,13:00,Blackburn South - 2nd XI,Bowl,Laburnum - 3rd XI,Laburnum Cricket Club,4/201 (35),35,Lost,12,,Blackburn South - 2nd XI,Blackburn South Cricket Club,8/205 (33.1),35,Won,11,,,Box Hill Reporter District Cricket Association,BHRDCA Senior Competition,Home and away,Summer 2025/26,,b130dc,b130dc8c-c952-4cd4-bf1f-736f9365c039,E-scoring,22/11/2025 18:17 (Australia/Melbourne),2025-11-23T16:28:00+11:00[Australia/Melbourne],Justin Lui,Blackburn South Cricket Club
25/11/2025,2025-11-25,T20,T20 G - Top Notch Trophies Shield,Round 1,Final,Kalang Park,Kalang Park,17:15,Laburnum T20 2nd XI,Bowl,Laburnum T20 2nd XI,Laburnum Cricket Club,8/141 (20),20,Lost,12,,Wyclif T20 2nd XI,Wyclif Cricket Club,8/154 (20),20,Won,12,,,Box Hill Reporter District Cricket Association,BHRDCA T20 Competition,Home and away,Summer 2025/26,,b40f3c,b40f3c9e-d7d0-440b-b599-b8ca7c732ca9,Manual,27/11/2025 23:35 (Australia/Melbourne),2025-11-28T07:25:00+11:00[Australia/Melbourne],Austin Rainey,Wyclif Cricket Club
02/12/2025,2025-12-02,T20,T20 G - Top Notch Trophies Shield,Round 2,Final,Kalang Park,Kalang Park,17:15,Laburnum T20 2nd XI,Bowl,Laburnum T20 2nd XI,Laburnum Cricket Club,7/139 (20),20,Lost,12,,Blackburn North T20 1st XI,Blackburn North Cricket Club,8/209 (20),20,Won,11,,,Box Hill Reporter District Cricket Association,BHRDCA T20 Competition,Home and away,Summer 2025/26,,0111a2,0111a248-de06-48c9-a1ca-b9375d8c670e,E-scoring,02/12/2025 19:45 (Australia/Melbourne),2025-12-03T08:04:00+11:00[Australia/Melbourne],,
06/12/2025,2025-12-06,One Day,"C Grade (70 Overs, 12 Players)",Round 6,Final,Mirrabooka Reserve,Mirrabooka Reserve #3 - North,13:00,Laburnum - 3rd XI,Bat,Laburnum - 3rd XI,Laburnum Cricket Club,5/162 (34),34,Won,11,,Glen Waverley Hawks - 2nd XI,Glen Waverley Hawks Cricket Club,10/118 (29.5),34,Lost,12,,,Box Hill Reporter District Cricket Association,BHRDCA Senior Competition,Home and away,Summer 2025/26,,17facf,17facfe5-3b09-434f-a0ed-fa6b451c9526,E-scoring,06/12/2025 17:51 (Australia/Melbourne),2025-12-07T20:38:00+11:00[Australia/Melbourne],Cameron Hocart,Glen Waverley Hawks Cricket Club
06/12/2025,2025-12-06,One Day,"A Grade (80 Overs, 12 Players)",Round 7,Final,Kalang Park,Kalang Park,13:00,Blackburn - 3rd XI,Bowl,Laburnum - 2nd XI,Laburnum Cricket Club,6/188 (25),25,Won,11,,Blackburn - 3rd XI,Blackburn Cricket Club,9/105 (25),25,Lost,11,,,Box Hill Reporter District Cricket Association,BHRDCA Senior Competition,Home and away,Summer 2025/26,,3f0138,3f013882-8425-4e2a-a1aa-e9bccda53e4c,E-scoring,06/12/2025 18:07 (Australia/Melbourne),2025-12-06T21:19:00+11:00[Australia/Melbourne],Sumeet Pal,Laburnum Cricket Club
09/12/2025,2025-12-09,T20,T20 B - Greg Chappell Cricket Shield,Round 3,Final,Kalang Park,Kalang Park,17:15,Laburnum T20 1st XI,Bat,Laburnum T20 1st XI,Laburnum Cricket Club,5/198 (20),20,Won,12,,Box Hill T20 1st XI,Box Hill Cricket Club,10/144 (20),20,Lost,11,,,Box Hill Reporter District Cricket Association,BHRDCA T20 Competition,Home and away,Summer 2025/26,,f572ab,f572abd6-a4f5-46bd-9b33-5250b12e505e,E-scoring,09/12/2025 20:01 (Australia/Melbourne),2025-12-10T21:13:00+11:00[Australia/Melbourne],Sumeet Pal,Laburnum Cricket Club
"13/12/2025, 20/12/2025",2025-12-13,Two Day,"H Grade (Split Innings - 64 Overs, 13 Players)",Round 7,Final,Mirrabooka Reserve,Mirrabooka Reserve #3 - North,13:00,Laburnum - 4th XI,Bat,Laburnum - 4th XI,Laburnum Cricket Club,10/205 (59.2),,Lost on first innings,13,,Kerrimuir United - 5th XI,Kerrimuir United Cricket Club,10/218 (60.4),,Won on first innings,13,,,Box Hill Reporter District Cricket Association,BHRDCA Senior Competition,Home and away,Summer 2025/26,,cc23e6,cc23e65a-68ea-4ede-be63-2e3ce85f0ac6,Manual,12/01/2026 12:59 (Australia/Melbourne),2026-01-12T12:59:00+11:00[Australia/Melbourne],Sumeet Pal,Laburnum Cricket Club
"13/12/2025, 20/12/2025",2025-12-13,Two Day,3. Compare & Conect Dorothy McIntosh Shield,Round 9,Final,Kalang Park,Kalang Park,13:00,Laburnum - 1st XI,Bat,Laburnum - 1st XI,Laburnum Cricket Club,10/129 (47.4),,Won on first innings,11,12,Wyclif - 1st XI,Wyclif Cricket Club,10/109 (25),,Lost on first innings,11,16,,Box Hill Reporter District Cricket Association,BHRDCA Senior Competition,Home and away,Summer 2025/26,,f03053,f0305349-aa8d-421e-991d-15a4296b391b,Manual,20/12/2025 21:47 (Australia/Melbourne),2025-12-20T21:47:00+11:00[Australia/Melbourne],Ross Digby,Laburnum Cricket Club
"10/01/2026, 17/01/2026",2026-01-10,Two Day,3. Compare & Conect Dorothy McIntosh Shield,Round 10,Final,Kalang Park,Kalang Park,13:00,Glen Waverley Cougars - 1st XI,Bat,Laburnum - 1st XI,Laburnum Cricket Club,"10/153 (64.1), 0/0",,Lost on first innings,11,12,Glen Waverley Cougars - 1st XI,Glen Waverley Cougars Cricket Club,10/210 (68.5),,Won on first innings,11,12,,Box Hill Reporter District Cricket Association,BHRDCA Senior Competition,Home and away,Summer 2025/26,,cb910c,cb910cd1-4721-46a0-920e-37dfcfdddeb9,Manual,19/01/2026 20:47 (Australia/Melbourne),2026-01-19T20:47:00+11:00[Australia/Melbourne],Sumeet Pal,Laburnum Cricket Club
"10/01/2026, 17/01/2026",2026-01-10,Two Day,"I Grade (Split Innings - 64 Overs, 13 Players)",Round 8,Final,Mirrabooka Reserve,Mirrabooka Reserve #3 - North,13:00,Laburnum - 5th XI,Bat,Laburnum - 5th XI,Laburnum Cricket Club,9/254 (54.2),,Lost on first innings,13,,Blackburn North CC - 4th XI,Blackburn North Cricket Club,6/334 (64),,Won on first innings,13,,,Box Hill Reporter District Cricket Association,BHRDCA Senior Competition,Home and away,Summer 2025/26,,36e742,36e7420a-07aa-4699-989f-1abd73f7c55c,Manual,18/01/2026 10:20 (Australia/Melbourne),2026-01-18T10:20:00+11:00[Australia/Melbourne],Neil Kloot,Laburnum Cricket Club
20/01/2026,2026-01-20,T20,T20 B - Greg Chappell Cricket Shield,Round 4,Final,Kalang Park,Kalang Park,17:15,Doncaster T20 X1,Bowl,Laburnum T20 1st XI,Laburnum Cricket Club,4/250 (20),20,Won,12,,Doncaster T20 X1,Doncaster Cricket Club (VIC),7/176 (20),20,Lost,12,,,Box Hill Reporter District Cricket Association,BHRDCA T20 Competition,Home and away,Summer 2025/26,,b4f75e,b4f75e2c-3e33-43cd-bbac-43c9f3696deb,E-scoring,20/01/2026 20:01 (Australia/Melbourne),2026-01-22T23:39:00+11:00[Australia/Melbourne],Sumeet Pal,Laburnum Cricket Club
24/01/2026,2026-01-24,One Day,"C Grade (70 Overs, 12 Players)",Round 9,Abandoned,Eley Park,Eley Park,13:00,,,Laburnum - 3rd XI,Laburnum Cricket Club,,35,Abandoned,12,,Burwood District - 2nd XI,Burwood District Cricket Club,,35,Abandoned,11,,,Box Hill Reporter District Cricket Association,BHRDCA Senior Competition,Home and away,Summer 2025/26,,cb2656,cb26567c-f3ef-4466-a8c4-d570c7c45db5,Manual,24/01/2026 22:12 (Australia/Melbourne),2026-01-24T22:37:00+11:00[Australia/Melbourne],Narayanan Ramakrishnan,Burwood District Cricket Club
24/01/2026,2026-01-24,One Day,"A Grade (80 Overs, 12 Players)",Round 10,Abandoned,Kalang Park,Kalang Park,13:00,,,Laburnum - 2nd XI,Laburnum Cricket Club,,40,Abandoned,12,,Bulleen Templestowe - 2nd XI,Bulleen Templestowe Cricket Club,,40,Abandoned,12,,,Box Hill Reporter District Cricket Association,BHRDCA Senior Competition,Home and away,Summer 2025/26,,04619f,04619f0d-e5ce-44c3-a085-d94ea298a91c,Manual,24/01/2026 18:43 (Australia/Melbourne),2026-01-24T18:43:00+11:00[Australia/Melbourne],Matthew Leggio,Bulleen Templestowe Cricket Club
27/01/2026,2026-01-27,T20,T20 B - Greg Chappell Cricket Shield,Round 5,Abandoned,Kalang Park,Kalang Park,17:15,,,Laburnum T20 1st XI,Laburnum Cricket Club,,20,Abandoned,12,,Bulleen Templestowe T20 1st XI,Bulleen Templestowe Cricket Club,,20,Abandoned,12,,,Box Hill Reporter District Cricket Association,BHRDCA T20 Competition,Home and away,Summer 2025/26,,a70a9d,a70a9d23-60ec-4ab3-954b-66d20f0290a4,Manual,28/01/2026 12:02 (Australia/Melbourne),2026-01-28T12:02:00+11:00[Australia/Melbourne],Aryan Meghani,Box Hill Reporter District Cricket Association
31/01/2026,2026-01-31,One Day,3. Compare & Conect Dorothy McIntosh Shield,Round 12,Final,Kalang Park,Kalang Park,13:00,East Burwood - 1st XI,Bat,Laburnum - 1st XI,Laburnum Cricket Club,6/217 (37.5),40,Won,11,12,East Burwood - 1st XI,East Burwood Cricket Club,7/213 (40),40,Lost,11,14,,Box Hill Reporter District Cricket Association,BHRDCA Senior Competition,Home and away,Summer 2025/26,,29f461,29f461bb-02fd-44cd-8d44-b22b789e47a0,E-scoring,31/01/2026 19:11 (Australia/Melbourne),2026-01-31T19:12:00+11:00[Australia/Melbourne],,
03/02/2026,2026-02-03,T20,T20 B - Greg Chappell Cricket Shield,Semi Finals,Final,Kalang Park,Kalang Park,17:15,Doncaster T20 X1,Bat,Laburnum T20 1st XI,Laburnum Cricket Club,2/172 (16.5),20,Won,12,,Doncaster T20 X1,Doncaster Cricket Club (VIC),10/166 (19.5),20,Lost,12,,,Box Hill Reporter District Cricket Association,BHRDCA T20 Competition,Home and away,Summer 2025/26,Semi Final 1,932620,932620de-db9e-4ae5-a6dc-901fde82283d,E-scoring,03/02/2026 19:46 (Australia/Melbourne),2026-02-04T18:23:00+11:00[Australia/Melbourne],Sumeet Pal,Laburnum Cricket Club
"07/02/2026, 14/02/2026",2026-02-07,Two Day,"A Grade (80 Overs, 12 Players)",Round 12,Final,Kalang Park,Kalang Park,13:00,Koonung Heights - 2nd XI,Bat,Laburnum - 2nd XI,Laburnum Cricket Club,3/191 (60),,Won on first innings,12,,Koonung Heights - 2nd XI,Koonung Heights Cricket Club,10/189 (64.4),,Lost on first innings,12,,,Box Hill Reporter District Cricket Association,BHRDCA Senior Competition,Home and away,Summer 2025/26,,b533d7,b533d714-0515-49c9-9f11-fb89da43affd,Manual,09/03/2026 17:13 (Australia/Melbourne),2026-03-09T17:13:00+11:00[Australia/Melbourne],Michael Whitehead,Box Hill Reporter District Cricket Association
"07/02/2026, 14/02/2026",2026-02-07,Two Day,"H Grade (Split Innings - 64 Overs, 13 Players)",Round 10,Final,Mirrabooka Reserve,Mirrabooka Reserve #3 - North,13:00,St. Davids - 4th XI,Bat,Laburnum - 4th XI,Laburnum Cricket Club,"10/141 (37), 10/96 (33.1)",,Lost outright lost first innings,13,,St. Davids - 4th XI,St Davids Cricket Club,"1-d/185 (32), 1/54 (9)",,Won outright won first innings,13,,,Box Hill Reporter District Cricket Association,BHRDCA Senior Competition,Home and away,Summer 2025/26,,d6df0b,d6df0b28-5d4b-43fb-967e-b3900d72f447,Manual,17/02/2026 14:46 (Australia/Melbourne),2026-02-17T14:46:00+11:00[Australia/Melbourne],Aryan Meghani,Box Hill Reporter District Cricket Association
"07/02/2026, 14/02/2026",2026-02-07,Two Day,"I Grade (Split Innings - 64 Overs, 13 Players)",Round 10,Final,Freeway Reserve,South Oval,13:00,Laburnum - 5th XI,Bat,Laburnum - 5th XI,Laburnum Cricket Club,"10/118 (46.4), 0/0",,Lost on first innings,13,,Notting Hill Brandon Park - 5th XI,Notting Hill Brandon Park Cricket Club,10/156 (61.4),,Won on first innings,13,,,Box Hill Reporter District Cricket Association,BHRDCA Senior Competition,Home and away,Summer 2025/26,,8c9ff0,8c9ff0e4-175d-44c9-8864-60ec3816a47e,Manual,14/02/2026 18:53 (Australia/Melbourne),2026-02-14T18:53:00+11:00[Australia/Melbourne],Neil Kloot,Laburnum Cricket Club
10/02/2026,2026-02-10,T20,T20 B - Greg Chappell Cricket Shield,Grand Final,Final,Kalang Park,Kalang Park,17:15,Bulleen Templestowe T20 1st XI,Bat,Laburnum T20 1st XI,Laburnum Cricket Club,7/191 (20),20,Lost,12,,Bulleen Templestowe T20 1st XI,Bulleen Templestowe Cricket Club,5/194 (20),20,Won,12,,,Box Hill Reporter District Cricket Association,BHRDCA T20 Competition,Home and away,Summer 2025/26,Grand Final,a90e9c,a90e9c2c-ee54-4574-942e-a69db7362621,E-scoring,10/02/2026 19:52 (Australia/Melbourne),2026-02-10T19:52:00+11:00[Australia/Melbourne],,
"21/02/2026, 28/02/2026",2026-02-21,Two Day,"A Grade (80 Overs, 12 Players)",Round 13,Final,Kalang Park,Kalang Park,13:00,Box Hill North Super Kings - 3rd XI,Bowl,Laburnum - 2nd XI,Laburnum Cricket Club,"10/256 (77.5), 0/0",,Lost on first innings,12,,Box Hill North Super Kings - 3rd XI,Box Hill North Super Kings Cricket Club,8-d/281 (69.2),,Won on first innings,12,,,Box Hill Reporter District Cricket Association,BHRDCA Senior Competition,Home and away,Summer 2025/26,,a06207,a062073d-d206-4099-8d4a-41da323ef2fb,Manual,02/03/2026 15:47 (Australia/Melbourne),2026-03-02T15:47:00+11:00[Australia/Melbourne],Omkar Vechlekar,Box Hill North Super Kings Cricket Club
"21/02/2026, 28/02/2026",2026-02-21,Two Day,"C Grade (70 Overs, 12 Players)",Round 12,Final,Mirrabooka Reserve,Mirrabooka Reserve #3 - North,13:00,East Burwood - 2nd XI,Bat,Laburnum - 3rd XI,Laburnum Cricket Club,10/268 (69.3),,Lost on first innings,12,,East Burwood - 2nd XI,East Burwood Cricket Club,10/304 (69.5),,Won on first innings,12,,,Box Hill Reporter District Cricket Association,BHRDCA Senior Competition,Home and away,Summer 2025/26,,f19402,f1940230-8524-4d10-812e-62b5444466f3,Manual,01/03/2026 11:55 (Australia/Melbourne),2026-03-01T11:55:00+11:00[Australia/Melbourne],Neil Davey,East Burwood Cricket Club
"21/02/2026, 28/02/2026",2026-02-21,Two Day,"I Grade (Split Innings - 64 Overs, 13 Players)",Round 11,Final,Trinity Grammar Playing Fields,Hughes. No 2,13:00,Laburnum - 5th XI,Bat,Laburnum - 5th XI,Laburnum Cricket Club,10/181 (58.3),,Lost on first innings,13,,Doncaster - 5th XI,Doncaster Cricket Club (VIC),6/268 (64),,Won on first innings,13,,,Box Hill Reporter District Cricket Association,BHRDCA Senior Competition,Home and away,Summer 2025/26,,fc3aba,fc3aba93-55e6-4cc4-905f-765a327a2587,Manual,01/03/2026 08:58 (Australia/Melbourne),2026-03-01T08:58:00+11:00[Australia/Melbourne],Neil Kloot,Laburnum Cricket Club
